ime,visina,obrat
Snežnik,1796 m,1%
Mali Snežnik,1694 m,19%
Mali Golak,1495 m,4%
Srednji Golak,1480 m,24%
Mrzovec,1410 m,22%
Veliki Modrasovec,1353 m,15%
Bukov Vrh (Trnovski gozd),1314 m,40%
Suhi vrh (Nanos),1313 m,4%
Mali Modrasovec,1305 m,34%
Poldanovec,1299 m,16%
Goteniški Snežnik,1289 m,28%
Srednja gora (Hrušica),1275 m,43%
Veliki Javornik (Javorniki),1268 m,10%
Streliški vrh (Hrušica),1266 m,38%
Iztokova koča pod Golaki,1260 m,12%
Turn,1254 m,41%
Kuk (Kolovrat),1243 m,16%
Dom na Sviščakih,1242 m,30%
Koča Antona Bavčerja na Čavnu,1242 m,7%
Javornik nad Črnim Vrhom,1240 m,7%
Vojkova koča na Nanosu,1240 m,1%
Veliki Rob,1237 m,16%
Kucelj na Čavnu,1237 m,8%
Rezinski vrh,1231 m,53%
Sveti Duh (Hrušica),1221 m,47%
Mali Javornik (Javorniki),1219 m,39%
Petelinjek,1212 m,46%
Grmada (Nanos),1209 m,12%
Velika Jazbina,1201 m,54%
Nagnoj,1193 m,45%
Cerk,1192 m,50%
Stanov rob,1191 m,38%
Čaven,1185 m,5%
Škol,1182 m,31%
Križna gora (Hrušica),1162 m,37%
Pirnatova koča na Javorniku,1156 m,11%
Velika ledena jama v Paradani,1140 m,42%
Racna gora,1140 m,29%
Trinški vrh,1138 m,55%
Špičasti vrh,1128 m,24%
Bela stena,1122 m,46%
Krokar,1122 m,38%
Na gradu,1115 m,50%
Slivnica,1114 m,3%
Krim,1107 m,1%
Čelkov vrh,1106 m,35%
Sveta Trojica,1106 m,9%
Velika Milanja,1099 m,49%
Kršičevec,1091 m,27%
Baba (pri Javornikih),1085 m,77%
Razsušica,1083 m,51%
Kameni zid,1081 m,54%
Medvižica,1081 m,49%
Dom na Slivnici,1078 m,14%
Črni vrh (pri Lokvah),1072 m,94%
Lašček,1071 m,33%
Bivak Zanuso na Kolovratu,1065 m,56%
Mokrc,1059 m,36%
Ostrič,1056 m,31%
Mala gora,1034 m,16%
Bele ovce,1029 m,45%
Slavnik,1028 m,1%
Vremščica,1027 m,2%
Sveti Hieronim,1020 m,32%
Gora (Sveti Lovrenc),1019 m,14%
Koča na Kamnem griču,1016 m,39%
Firstov rep,1002 m,77%
Sinji vrh,1002 m,6%
Županov vrh,999 m,34%
Novaška gora,998 m,53%
Grmada pri Slavniku,998 m,32%
Koča na Kozleku,997 m,30%
Špiček (Špečk),986 m,46%
Lovsko zavetišče pod Čavnom,980 m,50%
Volovja reber,975 m,42%
Sveti Bric (Nanos),965 m,45%
Rotovc,964 m,39%
Mišnice,961 m,81%
Kovk,961 m,26%
Križna gora nad Colom,957 m,43%
Velika Špička,955 m,27%
Mala Plešivica,953 m,50%
Ježa,949 m,54%
Milanka,948 m,61%
Leskovica (nad Stražiščem),947 m,90%
Krempa,944 m,51%
Krimšček,940 m,47%
Petričev hrib,937 m,40%
Deveti konfin,930 m,54%
Kopitnik,929 m,45%
Srednji vrh pri Kozleku,923 m,54%
Dolski maj,912 m,56%
Velika Plešivica,908 m,47%
Lovska koča Urška,908 m,60%
Očna,906 m,58%
Dom na Travni Gori,906 m,40%
Furlanovo zavetišče pri Abramu,900 m,12%
Kraguljc,897 m,82%
Bezgarska planina,895 m,85%
Marutnik,892 m,85%
Golič,890 m,29%
Gozdarska koča Pri logarnici,889 m,59%
Nadglavinjak,888 m,64%
Sekulak,888 m,41%
Vrh Svetih Treh Kraljev,884 m,20%
Kavčič,879 m,47%
Lovska koča na Planinski gori,879 m,36%
Loška stena,875 m,76%
Grmada (Planinska gora),873 m,30%
Sončnica (Reber),867 m,81%
Vrh Skopice,863 m,59%
Bele stene,863 m,49%
Križna gora,857 m,13%
Navrše,857 m,43%
Sveta Marija Magdalena (Gore),851 m,85%
Belovka,848 m,59%
Otliški maj,847 m,43%
Sveti Vid (Vidovska planota),846 m,55%
Pravi vrh,830 m,89%
Bivak Črna peč,830 m,49%
Podrta gora nad Ajdovščino,827 m,76%
Kurešček,826 m,10%
Koča na Vrhu Svetih Treh Kraljev,823 m,29%
Polšakova koča na Zagori,822 m,55%
Osojnica,820 m,32%
Ljubljanski vrh,819 m,35%
Lovska koča Trešnja ravan,818 m,81%
Sveti Socerb (Artviže),817 m,27%
Goli vrh (Cemarovnik),816 m,56%
Medvedje Brdo,814 m,25%
Korada,812 m,10%
Globočak,809 m,53%
Mali Trebelnik,807 m,61%
Sveti Lenart (Krvava Peč),805 m,39%
Ajdovščina,804 m,76%
Lipnik,804 m,33%
Zavetišče na Koradi,803 m,33%
Kojnik,802 m,22%
Ulovka,801 m,21%
Otliško okno,800 m,11%
Slap Kotel,799 m,51%
Ahac,799 m,52%
Gradiška Tura,793 m,5%
Gradišče (Čepan),791 m,62%
Rakitna,789 m,21%
Sveta Marija na Planinski gori,782 m,28%
Vrh,777 m,64%
Lovska koča Vojkovo,775 m,45%
Trenk,769 m,85%
Ortneški Stari grad,765 m,53%
Pečna reber,763 m,38%
Planinski dom na Kureščku,760 m,39%
Sveti Primož in Felicijan (Osredek),751 m,56%
Šilentabor,751 m,39%
Bloško jezero,748 m,19%
Veliko Gradišče,742 m,45%
Dom na Goropekah,742 m,37%
Planinski dom pod Ježo,740 m,57%
Sveti Gregor na Slemenih,737 m,54%
Hrpeljska gora,737 m,47%
Zavetišče na Planini nad Vrhniko,733 m,5%
Koča na Kavcu,730 m,46%
Čičer,726 m,80%
Šenčurjev vrh,725 m,81%
Sveti Urh (Zavratec),724 m,83%
Sveti Martin (Šilentabor),723 m,57%
Primož,718 m,43%
Planina Jegno,715 m,54%
Stari grad,703 m,57%
Grad Lož (Pusti grad),698 m,76%
Sveti Janez Krstnik (Goropeke),682 m,95%
Sveta Gora,681 m,11%
Sv. Katarina nad Novokračinami,675 m,79%
Sveta Barbara (Ravnik pri Hotedršici),674 m,81%
Goropeški grič (Pikrej),672 m,96%
Skozno,671 m,41%
Kokoš,670 m,5%
Rajna peč,656 m,86%
Vodice,651 m,27%
Jampršnik,649 m,48%
Škabrijel,646 m,13%
Trstelj,643 m,7%
Rimska trdnjava (Lanišče),635 m,83%
Frančiškov hrib,632 m,51%
Stol (Črni hribi),629 m,58%
Strmica,626 m,84%
Lovska koča Plehanov laz,625 m,82%
Partizanska bolnica Krvavice,620 m,40%
Kuk nad Paljevim,612 m,80%
Lovski dom pod Glavico,610 m,60%
Stjenkova koča na Trstelju,610 m,24%
Sabotin,609 m,5%
Vitovski hrib,604 m,44%
Stari tabor,603 m,34%
Unška koliševka,594 m,32%
Zidovnik (Sedovnik),575 m,56%
Sveti Tomaž (Planinca),572 m,52%
Soteska Pekel 5. slap,570 m,32%
Stolovec,563 m,63%
Sveta Ana (Razguri),560 m,86%
Dom na Sabotinu,560 m,18%
Sveti Socerb (Vipavska brda),555 m,82%
Stari grad nad Želimljami,555 m,87%
Štanjel (Sveti Danijel),553 m,74%
Lešenjak,552 m,63%
Volnik,546 m,26%
Sekirica,545 m,80%
Štivanski log,530 m,86%
Petelinjsko jezero,530 m,55%
Veliki hrib (kota 526),526 m,83%
Kuren (Sveti Miklavž),526 m,58%
Školj sv. Pavla nad Vrtovinom,520 m,46%
Planinski dom v Novem Svetu,518 m,53%
Rakov Škocjan,517 m,76%
Gura,510 m,90%
Veliki Gradež,507 m,53%
Vrtovka,502 m,64%
Planinska jama,500 m,46%
Tri učke,499 m,49%
Kuk,498 m,38%
Sveta Ana,484 m,8%
Marija Snežna na Gradišcah,467 m,91%
Veliki vrh (Črni hribi),463 m,61%
Mengore,453 m,23%
Lačna,451 m,29%
Zjat,449 m,50%
Renški vrh,449 m,57%
Vitovsko jezero,445 m,52%
Soteska Pekel 3. slap,445 m,47%
Sveti Jožef (Mlečnik),441 m,58%
Sveti Miklavž nad Vipavo,438 m,38%
Grad Socerb,437 m,11%
Fajti hrib,433 m,35%
Sveti Gregor na Dobravici,432 m,58%
Črnokalska Varda,423 m,83%
Ostri Vrh nad Vipavsko dolino,422 m,53%
Jama Vilenica,420 m,77%
Iški Vintgar (Vrbica),420 m,27%
Žalostna gora pri Preserju,418 m,44%
Krog,418 m,62%
Vrh križa,411 m,59%
Sveti Rupert nad Drago,409 m,57%
Sveti Kvirik,408 m,39%
Izvir Nežice,390 m,47%
Prižnica,383 m,79%
Tinjan,374 m,13%
Udornica Risnik,366 m,90%
Sveti Duh (Pedrovo),365 m,60%
Pomjan,360 m,84%
Dom v Iškem Vintgarju,360 m,52%
Orlovo gnezdo (Veli Badin),359 m,22%
Divje jezero,350 m,31%
Veliko Cerje,343 m,40%
Sveti Lovrenc (Jezero),329 m,39%
Sveti Kvirin na Paljevem,321 m,83%
Dolina reke Glinščice / Val Rosandra,320 m,8%
Dolina Drage,310 m,84%
Izvir Ljubljanice (Retovje),308 m,35%
Izvir Ljubljanice (Močilnik),305 m,39%
Lopar,303 m,91%
Iški morost,289 m,52%
Marezige,284 m,85%
Sveti Duh (Sveti Peter),253 m,78%
Sveti Štefan (Zanigrad),246 m,50%
Stari grad Vipava,241 m,42%
Lovsko zavetišče Kolombar,218 m,91%
Goli hrib,217 m,88%
Črni vrh (Iskra),119 m,90%
Jurjev hrib,109 m,89%
Slap potoka Struga,105 m,87%
Vanganelsko jezero,55 m,86%
Strunjanski križ,53 m,77%
Debeli rtič,28 m,83%
Ankaran,18 m,21%
Strunjanske soline,2 m,88%
Triglav,2864 m,0%
Montaž / Jôf di Montasio,2753 m,2%
Škrlatica,2740 m,1%
Mali Triglav,2725 m,8%
Mangart,2679 m,0%
Viš/Jof Fuart,2666 m,4%
Vrh Brda / Cima Verde,2661 m,17%
Visoki Rokav,2646 m,10%
Jalovec,2645 m,1%
Veliki Oltar,2621 m,6%
Velika Martuljška Ponca,2602 m,11%
Razor,2601 m,2%
Dolkova špica,2591 m,6%
Visoki Kanin,2587 m,4%
Mali Kanin,2571 m,17%
Kanjavec (Zahodni vrh),2569 m,25%
Kanjavec,2569 m,3%
Glava v Zaplanji,2556 m,17%
Rogljica,2547 m,24%
Prisank / Prisojnik,2547 m,1%
Dovški križ,2542 m,8%
Kredarica,2541 m,75%
Rž,2538 m,11%
Rjavina,2532 m,4%
Špik nad Nosom / Foronon del Buinz,2531 m,13%
Morbegna,2520 m,10%
Triglavski dom na Kredarici,2515 m,2%
Koštrunove špice,2502 m,16%
Mala Martuljška Ponca,2501 m,20%
Stenar,2501 m,3%
Spodnji Rokav,2500 m,31%
Prestreljenik,2499 m,8%
Široka peč,2497 m,17%
Poprovec,2496 m,28%
Teme (Hribarice),2495 m,28%
Veliki Ozebnik,2480 m,18%
Špik,2472 m,1%
Mišeljski Konec,2464 m,18%
Begunjski vrh,2461 m,8%
Planja,2453 m,12%
Vršaki (Vzhodni vrh),2448 m,34%
Vrh Krnice,2441 m,30%
Vršaki (Južni vrh),2431 m,45%
Bivak Suringar,2430 m,33%
Kukova špica,2427 m,7%
Vršaki (Srednji vrh),2424 m,36%
Vršaki (Vrh za Koritami),2422 m,49%
Špik Hude police / Cima di Terrarossa,2420 m,4%
Pihavec,2419 m,11%
Špik nad Planjo / Punta Plagnis,2411 m,36%
Križ,2410 m,6%
Visoka Vrbanova špica,2408 m,7%
Lopa,2406 m,76%
Gubno,2403 m,27%
Dom Planika pod Triglavom,2401 m,4%
Veliko Špičje,2398 m,7%
Cmir,2393 m,8%
Bovški Gamsovec,2392 m,3%
Prestreljeniško okno,2391 m,75%
Debeli vrh,2390 m,9%
Vrh Hribaric,2388 m,29%
Šplevta (Indijanec),2382 m,25%
Strma peč / Monte Cimone,2380 m,20%
Travnik,2379 m,16%
Vrh Osojnic,2371 m,88%
Kriški rob,2366 m,26%
Velika Mojstrovka,2366 m,4%
Šmarjetna glava,2358 m,25%
Spodnji Stenar,2356 m,35%
Zadnja Mojstrovka,2354 m,19%
Vrh Krnega dola / Monte Cregnedul,2351 m,42%
Kol,2350 m,34%
Mišelj vrh,2350 m,10%
Plaski Vogel,2348 m,24%
Bavški Grintavec,2347 m,3%
Briceljk,2346 m,19%
Vevnica,2342 m,14%
Vrh Snežne konte,2342 m,28%
Velika Črnelska špica,2332 m,24%
Mala Mojstrovka,2332 m,1%
Dom Valentina Staniča pod Triglavom,2332 m,5%
Zadnji Vogel,2327 m,15%
Mali Ozebnik,2324 m,39%
Žrd / Sart,2324 m,24%
Velika Zelnarica,2320 m,12%
Veliki Nabojs / Monte Nabois grande,2313 m,24%
Malo Špičje,2312 m,20%
Mala Zelnarica,2310 m,16%
Škednjovec,2309 m,24%
Spodnja Vrbanova špica,2299 m,23%
Konjc,2289 m,33%
Frdamane police,2284 m,25%
Tosc,2275 m,3%
Visoka Ponca,2274 m,7%
Šplevta,2272 m,19%
Strug,2265 m,25%
Dom Petra Skalarja na Kaninu,2260 m,17%
Visoka Bela Špica / Cima Alta di Riobianco,2257 m,77%
Travnik,2252 m,23%
Krn,2244 m,0%
Veliki Draški vrh,2243 m,4%
Zadnja Ponca,2242 m,32%
Vrh Grubje,2240 m,46%
Srednja Ponca,2228 m,20%
Čelo,2228 m,16%
Srednji Vogel,2226 m,33%
Vernar,2225 m,14%
Rombon,2208 m,2%
Vodnikov Vršac (Vršac nad Zadnjico),2194 m,29%
Kopica,2190 m,18%
Plešivec (Loška stena),2184 m,24%
Gomiščkovo zavetišče na Krnu,2182 m,14%
Prvi Vogel,2181 m,26%
Vrh nad Peski,2176 m,13%
Batognica,2164 m,7%
Zgornje Kriško jezero,2158 m,12%
Koča na Doliču,2151 m,4%
Bivak Tarvisio,2150 m,87%
Velika Baba (Kanin),2148 m,75%
Bela peč/Monte Bila pec,2146 m,23%
Krnčica,2142 m,17%
Teme,2136 m,39%
Kotovo sedlo,2134 m,14%
Mali Draški vrh,2132 m,8%
Jerebica,2126 m,3%
Veliki Babanski Skedenj,2121 m,75%
Bivak na Jezerih,2118 m,21%
Suhi vrh,2109 m,26%
Goličica,2101 m,74%
Cesar,2098 m,22%
Velika Tičarica,2091 m,10%
Poldašnja špica/Jof di Miezegnot,2087 m,19%
Ogradi,2087 m,9%
Šitna glava,2087 m,13%
Tolminski Kuk,2085 m,8%
Zadnjiški Ozebnik,2084 m,15%
Sleme,2077 m,5%
Slatna,2077 m,21%
Prevalski Stog,2075 m,18%
Rigljica,2074 m,32%
Kamniti lovec / Cima del Cacciatore,2071 m,7%
Zasavska koča na Prehodavcih,2071 m,2%
Mala Tičarica,2071 m,8%
Zavetišče pod Špičkom,2064 m,10%
Podrta gora,2061 m,75%
Veliki Pršivec,2056 m,20%
Vrh nad Škrbino,2054 m,12%
Zeleni vrh,2052 m,30%
Pogačnikov dom na Kriških podih,2050 m,1%
Viševnik,2050 m,0%
Dve špici/Due Pizzi,2046 m,22%
Veliki Lemež,2042 m,79%
Bivak Marrusich,2041 m,42%
Jezerski Stog,2040 m,10%
Na Pečeh,2039 m,35%
Srednji vrh,2032 m,32%
Drobeče Sleme,2029 m,31%
Kreda,2025 m,17%
Eva,2019 m,19%
Velika Baba,2016 m,9%
Debela peč,2014 m,1%
Lopatnik,2012 m,21%
Adam,2012 m,20%
Mahavšček,2008 m,9%
Brda,2008 m,11%
Rjavo jezero,2006 m,17%
Ablanca,2004 m,8%
Lanževica,2003 m,11%
Kal,2001 m,24%
Meja,1996 m,43%
Vrh nad Vodeno Rupo,1995 m,51%
Zeleno jezero,1988 m,15%
Vogel (nad Lepeno),1980 m,82%
Velika Bavha / Monte Robon,1980 m,35%
Bivak na Rušju,1980 m,17%
Draški rob,1979 m,32%
Bogatin,1977 m,6%
Pri Banderi,1974 m,51%
Lipanski vrh,1974 m,11%
Vrh Planje,1971 m,30%
Raskovec,1967 m,29%
Rodica,1966 m,3%
Vrh Ovčje planje,1965 m,43%
Okroglež,1965 m,28%
Bivak pod Kotovim sedlom,1965 m,22%
Mrežce,1965 m,7%
Debeli vrh nad Lipanco,1962 m,15%
Velika Montura,1958 m,78%
Lopič / Monte Plauris,1958 m,40%
Vrh Leh,1958 m,51%
Veliki Selišnik,1952 m,29%
Bivak Gorizia,1950 m,38%
Mali Raskovec,1946 m,50%
Suha Rodica (Novi vrh),1944 m,45%
Veliki Šmohor,1944 m,24%
Prednje Robičje,1941 m,32%
Mali Šmohor,1939 m,33%
Matajurski vrh,1936 m,30%
Vrh Škrli,1926 m,45%
Macesnovec,1926 m,14%
Bela glava,1926 m,36%
Mala Ponca,1925 m,13%
Vogel,1922 m,3%
Rušnati vrh,1915 m,46%
Rdeči rob,1913 m,26%
Kraljevska špica/Monte Re,1912 m,28%
Slemenova špica,1911 m,1%
Speleološki bivak Modonutti - Savoia,1908 m,49%
Bivak Bernardinis,1907 m,48%
Mangartska koča na Mangartskem sedlu,1906 m,12%
Mala Rodica,1901 m,45%
Kser,1900 m,39%
Rušnata glava,1899 m,31%
Vrtaški vrh,1898 m,16%
Poljanski vrh,1897 m,44%
Vrh Krnic,1896 m,42%
Vrh Razora,1893 m,24%
Studorski preval,1892 m,17%
Srednji Selišnik,1890 m,34%
Klečica,1889 m,52%
Šija,1880 m,10%
Spodnje Kriško jezero,1880 m,18%
Krsteniški Stog,1879 m,35%
Konjski vrh,1879 m,38%
Čisti vrh,1875 m,26%
Rifugio Corsi,1874 m,25%
Tolminski Migovec,1868 m,21%
Požgana Mlinarica,1868 m,30%
Vrh Planje (nad Globokim),1863 m,43%
Skutnik/Torre Guarda,1860 m,34%
Vrh Dlani,1852 m,49%
Bivak Nogara,1850 m,35%
Rifugio Gilberti,1850 m,30%
Šober / Monte Sciober Grande,1845 m,35%
Žabiški Kuk,1844 m,30%
Črna prst,1844 m,1%
Četrt,1832 m,45%
Jezero v Ledvicah,1831 m,15%
Kovačičeva glava,1827 m,48%
Visoka glava,1822 m,52%
Vodnikov dom na Velem polju,1817 m,4%
Stara koča na Kaninu,1814 m,93%
Pri treh macesnih,1810 m,32%
Vrtec,1809 m,41%
Jezero v Lužnici,1801 m,19%
Visoki Orlov rob,1800 m,40%
Škraplja,1794 m,41%
Plesišče,1790 m,38%
Kumlehova glava,1788 m,26%
Rušni vrh,1786 m,50%
Stadorski Orliči,1782 m,50%
Rušnata Mlinarica,1777 m,40%
Krasji vrh,1773 m,9%
Rigeljc,1768 m,50%
Veliki vrh (Polovnik),1768 m,28%
Čukla,1767 m,14%
Svete Višarje / Monte Lussari,1766 m,2%
Kurji vrh,1762 m,18%
Pršivec,1761 m,5%
Glave,1760 m,46%
Luknja,1758 m,14%
Sovna glava,1750 m,24%
Zavitar,1750 m,32%
Visoka peč,1749 m,75%
Ciprnik,1745 m,5%
Vršič vrh,1737 m,5%
Skutnik /Monte Guarda,1721 m,25%
Planina Jezerce,1720 m,20%
Planina Zgornja Krma,1720 m,15%
Veliki Karman / Monte Chiampon,1713 m,43%
Rutarski Vršič,1699 m,32%
Gradovec,1692 m,83%
Poštarski dom na Vršiču,1688 m,15%
Koča pri Triglavskih jezerih,1685 m,0%
Orlove glave,1682 m,20%
Velo polje,1680 m,15%
Stol (Julijske Alpe),1673 m,5%
Planina Krstenica,1670 m,8%
Jehlc (Špičasta kupa),1662 m,45%
Rifugio di Brazza,1660 m,26%
Planina Ovčarija,1660 m,17%
Zavetišče pod Ponco,1657 m,34%
Florjanka / Monte Florianca,1653 m,81%
Svinjak,1653 m,6%
Planina pod Mišelj vrhom,1645 m,25%
Matajur,1642 m,3%
Gabrovec,1630 m,37%
Blejska koča na Lipanci,1630 m,2%
Planina Viševnik,1625 m,9%
Vošni vrh,1621 m,55%
Tičarjev dom na Vršiču,1618 m,14%
Breški Jalovec / Punta di Montemaggiore,1613 m,28%
Muzec (Musc),1612 m,31%
Slatnik (severozahodni vrh),1609 m,15%
Možic,1602 m,8%
Planina za Migovcem,1600 m,47%
Slatnik (jugovzhodni vrh),1597 m,77%
Nemške glave,1597 m,37%
Jerebikovec,1593 m,10%
Bivak Stuparich,1587 m,46%
Šavnik,1574 m,18%
Grušnica,1570 m,79%
Višarska planina / Malga di Lussari,1570 m,33%
Visoki Mavrinc,1562 m,17%
Planina v Lazu,1560 m,16%
Planina Dedno Polje,1560 m,15%
Planina Lopučnica,1558 m,45%
Javoršček,1557 m,25%
Planina Klek,1556 m,21%
Mojčin dom na Vitrancu,1555 m,10%
Planja (nad Mangartsko planino),1553 m,92%
Bivak pod Muzcem,1550 m,34%
Lajnar,1549 m,12%
Planina v Plazeh,1548 m,45%
Dravh,1547 m,20%
Dom na Matajure,1545 m,28%
Požar,1543 m,51%
Kravja Črna gora,1541 m,36%
Visoka glava (na Matajurju),1540 m,90%
Mesnovec,1538 m,41%
Planinska koča Merjasec,1535 m,18%
Viška planina,1530 m,39%
Planina na Polju,1530 m,26%
Lovska koča na Glinu,1527 m,57%
Erjavčeva koča na Vršiču,1525 m,13%
Rifugio Cinque Punte,1520 m,45%
Dom na Komni,1520 m,2%
Planina Ravna,1515 m,54%
Krevl,1515 m,37%
Koča pod Bogatinom,1513 m,9%
Planina Za skalo,1510 m,29%
Lovska koča Na Utrci,1500 m,47%
Rifugio Pellarini,1499 m,41%
Lengarjeva glava,1498 m,56%
Kobla,1498 m,14%
Planina na Kalu,1490 m,41%
Nizki vrh ,1488 m,50%
Črni vrh / Colrotondo,1486 m,89%
Planina Vodični vrh,1486 m,36%
Javorov vrh (Pokljuka),1482 m,18%
Planina Govnjač,1480 m,27%
Bivak pod Luknjo,1480 m,14%
Kobilja glava,1475 m,20%
Planina Poljana,1466 m,48%
Vrtaška planina,1462 m,20%
Koča na Planini pri Jezeru,1453 m,4%
Jalovnik,1452 m,42%
Planina Sleme,1448 m,28%
Planina Konjščica,1438 m,8%
Rifugio Brunner,1432 m,94%
Bivak pod Špikom,1424 m,16%
Planina Zadnji Vogel,1413 m,25%
Planina Gorjuda,1404 m,52%
Planina nad Sočo,1400 m,41%
Planina Osredki,1400 m,42%
Krnsko jezero,1391 m,1%
Rifugio Grego,1389 m,40%
Planina Suha,1385 m,23%
Dom pri Krnskih jezerih,1385 m,6%
Tonkina koča na Vršiču,1380 m,74%
Rifugio Zacchi,1380 m,27%
Planica pod Krnom,1376 m,48%
Lipenšči hrib,1375 m,48%
Mali Karman / Monte Cuarnan,1372 m,52%
Javor (nad Tolminskimi Ravnami),1363 m,83%
Mrzli vrh nad planino Pretovč,1359 m,22%
Planina Strehica,1359 m,58%
Mrzli vrh (na Matajurju),1358 m,17%
Črna gora,1350 m,23%
Bivak Za Akom,1340 m,23%
Planina Za Črno goro,1340 m,34%
Orožnova koča na planini za Liscem,1338 m,9%
Planina Goričica,1336 m,27%
Frčkova planina,1335 m,53%
Srednji vrh (na Matajurju),1320 m,93%
Planina za Šavnikom,1320 m,34%
Koča na planini Razor,1315 m,5%
Kota 1313,1313 m,25%
Koča na Soriški planini,1306 m,10%
Planina Dobrenjščica,1304 m,40%
Lovska koča Bala,1300 m,49%
Mangartska planina,1295 m,78%
Črno jezero,1294 m,6%
Planina Zajavornik,1292 m,17%
Planina Zajamniki,1280 m,6%
Vrh Bače,1273 m,25%
Galetovec,1265 m,11%
Zgornji Goreljek (Pokljuka),1260 m,79%
Planina Krnica,1252 m,23%
Idrska planina,1250 m,41%
Planina Zgornja Grintovica,1250 m,27%
Turn (nad Bohinjsko Belo),1249 m,83%
Planina Zagreben,1240 m,89%
Belska planina,1237 m,82%
Izvir Nadiže,1232 m,83%
Planina Leskovca,1230 m,28%
Koča na Gozdu,1226 m,14%
Bivak Hlek,1225 m,36%
Spodnji Goreljek (Pokljuka),1222 m,82%
Italijanska vojaška kapela na Planici,1220 m,43%
Svinska planina,1214 m,37%
Škrbina (Mežakla),1210 m,32%
Planina Zaprikraj,1208 m,25%
Lovčev bivak Pri Koucah,1192 m,49%
Police,1184 m,83%
Planina Bala,1181 m,45%
Planina Spodnja Grintovica,1175 m,29%
Planina Ilovec,1170 m,90%
Planina Pretovč,1160 m,44%
Bivak na Črniku,1160 m,44%
Koča na Uskovnici,1154 m,4%
Zgornji Martuljkov slap,1150 m,22%
Planina Blato,1147 m,8%
Planina Medrja,1133 m,50%
Snežna jama na Mežakli,1130 m,35%
Ruska kapelica,1130 m,31%
Bedančev dom,1116 m,75%
Koča v Krnici,1113 m,7%
Dom v Tamarju,1108 m,5%
Hotunjski vrh,1107 m,76%
Planina Lom,1090 m,42%
Mihov dom na Vršiču,1085 m,23%
Kobala,1080 m,46%
Malga Cuarnan,1070 m,95%
Planina v Prodih,1070 m,90%
Kosijev dom na Vogarju,1054 m,11%
Partizanska bolnišnica na Mežakli,1050 m,54%
Koča na planini Stador,1050 m,36%
Kup,1046 m,42%
Planina Obranica,1035 m,42%
Planinsko zavetišče Slatna,1023 m,98%
Vodnikov razglednik,1017 m,75%
Aljažev dom v Vratih,1015 m,7%
Jezerska planina / Alpe del Lago,1006 m,92%
Planina za Jamo,1005 m,47%
Studor,1002 m,75%
Koča na planini Kuhinja,1002 m,34%
Klatnica ,1000 m,49%
Planina Laška seč,1000 m,47%
Izvir Soče,990 m,12%
Sveta Marjeta pod Stolom,973 m,44%
Ožarjeni kamen,960 m,82%
Planina Ravne,956 m,82%
Slap Suha,950 m,38%
Rudnica,946 m,17%
Boršt,931 m,77%
Slap Zaročenca,930 m,36%
Ingotova koča na planini Jesenje,930 m,20%
Zgornje Mangartsko jezero,929 m,27%
Spodnje Mangartsko jezero,924 m,77%
Planina Rčitno,900 m,42%
Kres nad Kočno,890 m,80%
Planina Blatce,888 m,88%
Kovinarska koča v Krmi,870 m,28%
Vrše,850 m,79%
Izvir Boke,850 m,41%
Slap Peričnik - zgornji slap,850 m,25%
Spodnji Martuljkov slap,850 m,34%
Zelenci,845 m,11%
Grančišče,844 m,40%
Logje,840 m,33%
Hom pri Bledu,834 m,75%
Jezero Jasna,830 m,76%
Pokljuška soteska (luknja),830 m,36%
Poljanska baba,830 m,48%
Brezje / Montemaggiore,819 m,60%
Sv. Peter in Pavel (Perati),812 m,96%
Humčič,810 m,48%
Žerjavec (Kavče),805 m,82%
Koča na Petrovem Brdu,804 m,28%
Planina Črča,800 m,52%
Slap Peričnik - spodnji slap,800 m,28%
Slap Savica,794 m,24%
Počitniški dom v Možnici,793 m,34%
Slap Mostnice,773 m,79%
Rio Bianco / Beli potok,770 m,58%
Korita Mlinarice,770 m,21%
Sveti Lenart (Bača pri Podbrdu),751 m,54%
Koča pri Peričniku,750 m,39%
Slap Slatenik,750 m,41%
Okrepčevalnica Slap Voje,745 m,82%
Gogalova lipa,725 m,80%
Mladinski izobraževalni center v Bavšici,725 m,49%
Jamnikov spodmol,720 m,84%
Belopotoški slap,720 m,27%
Jezero Kreda,715 m,75%
Dolina Škratov,700 m,31%
Slap Parabola,700 m,23%
Izvir Tolminke,695 m,21%
Mala Osojnica,691 m,13%
Koča na Vojah,690 m,23%
Gorejca,680 m,34%
Slap Boka,680 m,10%
Jezero Kreda v dolini Radovne,674 m,95%
Izvir Bele,665 m,48%
Izvir Lipnika,660 m,95%
Spominsko obeležje Aleš Kunaver,660 m,79%
Jezerce v dolini Radovne,657 m,93%
Koča pri Savici,653 m,76%
Peč (razgledišče),650 m,75%
Straža ,646 m,31%
Marija Snežna v Breginjskem kotu,645 m,56%
Sveta Katarina na Homu,634 m,76%
Poglejska cerkev,630 m,45%
Dobra gora,620 m,38%
Izvir Bistrice,610 m,38%
Blejski grad,599 m,75%
Ribenska gora,588 m,55%
Ajdovski gradec,580 m,77%
Korita Možnice (Nemčlje),580 m,35%
Javorca,571 m,13%
Jama Srnica,550 m,44%
Iglica,550 m,43%
Sveti Janez Krstnik (Ribčev Laz),532 m,80%
Slap Šum v Blejskem Vintgarju,520 m,75%
Žičnica čez Tolminko,500 m,44%
Tonovcov grad pri Kobaridu,500 m,22%
Gradišče (Bodešče),499 m,49%
Sveti Lenart (Bodešče),485 m,53%
Velika korita Soče,480 m,22%
Slap Beri,454 m,48%
Izvir Glijuna,450 m,38%
Mala Boka,440 m,50%
Kozlov rob,426 m,27%
Slap Sopota (Soupat),400 m,31%
Slap Virje,400 m,21%
Gregorčičev slap,390 m,84%
Korita Soče pri Kršovcu,390 m,34%
Veliki slap Kozjak,250 m,18%
Mali slap Kozjak,230 m,38%
Tolminska korita,180 m,19%
Grintovec,2558 m,0%
Jezerska Kočna,2540 m,2%
Skuta,2532 m,0%
Kokrska Kočna,2520 m,6%
Na Križu (Kokrska Kočna),2484 m,74%
Dolgi hrbet,2473 m,6%
Štruca,2457 m,8%
Kranjska Rinka,2453 m,6%
Koroška Rinka (Križ),2433 m,4%
Planjava,2392 m,2%
Štajerska Rinka,2374 m,11%
Ojstrica,2350 m,0%
Mala Rinka,2289 m,13%
Brana,2253 m,1%
Turska gora,2251 m,2%
Lučka Brana (Baba),2244 m,15%
Kalški greben,2224 m,3%
Mrzla gora,2203 m,3%
Storžič,2132 m,0%
Najvišji rob (Zeleniške špice),2127 m,10%
Velika (Koroška) Baba,2127 m,3%
Velika Zelenica,2114 m,6%
Storžek,2110 m,10%
Veliki vrh (Veža),2110 m,8%
Ledinski vrh,2108 m,4%
Kogel,2100 m,12%
Bivak pod Grintovcem,2100 m,7%
Krofička,2083 m,4%
Bivak pod Skuto,2070 m,9%
Velika Raduha,2062 m,1%
Kalška gora,2047 m,5%
Mala Raduha,2029 m,19%
Molička peč,2029 m,10%
Lučki Dedec,2023 m,6%
Mala Ojstrica,2017 m,8%
Vrh Korena,1999 m,6%
Kompotela,1989 m,6%
Tolsti vrh (Veža),1985 m,17%
Vršiči,1980 m,33%
Bivak pod Mrzlim vrhom,1980 m,27%
Košutna,1974 m,10%
Veliki Zvoh,1971 m,6%
Deska (Veža),1970 m,21%
Vežica,1965 m,36%
Dleskovec,1965 m,18%
Matkova kopa,1957 m,25%
Bivak v Kočni,1952 m,31%
Lanež,1925 m,22%
Jamarski bivak na Dleskovški planoti,1910 m,76%
Križevnik,1909 m,15%
Rjavčki vrh (Planinšca),1898 m,32%
Kamniška koča na Kamniškem sedlu,1864 m,0%
Krvavec,1853 m,4%
Mokrica,1853 m,15%
Srednji vrh,1853 m,9%
Vodotočno jezero (Veža),1850 m,14%
Lastovec,1841 m,36%
Planina Dolga trata,1835 m,37%
Rzenik,1833 m,14%
Cjanovca,1820 m,13%
Mali Grintovec,1813 m,9%
Jelovec,1808 m,29%
Kocbekov dom na Korošici,1808 m,2%
Konj,1803 m,3%
Vratca,1802 m,15%
Cojzova koča na Kokrskem sedlu,1793 m,2%
Goli vrh,1787 m,7%
Kapelica na Molički planini,1780 m,10%
Planina Košutna,1778 m,15%
Strelovec,1763 m,8%
Bašeljski vrh,1744 m,10%
Veliki vrh,1742 m,14%
Licjanovec,1733 m,77%
Tolsti vrh,1715 m,3%
Kranjska koča na Ledinah,1700 m,3%
Planina Polšak,1695 m,37%
Planina Dolga njiva (Krvavec),1688 m,21%
Komen,1684 m,11%
Dom na Krvavcu,1684 m,11%
Planina Koren,1675 m,18%
Gradišče (Velika planina),1666 m,1%
Kržišče (Pokovše),1658 m,80%
Planina Rzenik,1654 m,22%
Koritni vrh (Velika planina),1648 m,19%
Veliki Travnik,1637 m,21%
Šentanski vrh,1635 m,21%
Dobrča,1634 m,2%
Kozji vrh,1628 m,22%
Krnes,1613 m,27%
Gostišče Zeleni Rob,1612 m,13%
Hotel Krvavec,1600 m,75%
Planina Dolga njiva,1600 m,13%
Planina Javorje,1594 m,45%
Vrata,1591 m,28%
Boskovec,1587 m,16%
Kamniški Dedec,1583 m,10%
Smrekovec,1577 m,4%
Medvedjak,1573 m,26%
Planina Vodole,1570 m,39%
Poljanski rob,1569 m,42%
Planina Arta,1564 m,28%
Planina Podvežak,1564 m,22%
Kapela Marije Snežne (Velika planina),1560 m,9%
Veliki Rogatec (Veliki Rogac),1557 m,9%
Koča na Travniku,1548 m,14%
Češka koča na Spodnjih Ravneh,1542 m,1%
Veliki vrh nad Matkovim kotom,1539 m,75%
Logarska peč,1536 m,38%
Koča na Loki pod Raduho,1534 m,11%
Domžalski dom na Mali planini,1534 m,3%
Dom na Kališču,1534 m,3%
Mali Travnik,1532 m,51%
Koča na Treh plotih,1530 m,28%
Črnuški dom na Mali planini,1526 m,6%
Icmanikova planina,1520 m,40%
Knezova planina,1520 m,44%
Jarški dom na Mali planini,1520 m,12%
Vivodnik,1508 m,14%
Planina Konjščica (Velika planina),1505 m,11%
Planina Ravne,1500 m,37%
Planina Mali Travnik,1500 m,48%
Špic,1499 m,42%
Jenkova planina,1495 m,25%
Dom na Gospincu,1491 m,19%
Kriška planina,1480 m,12%
Grebenc,1479 m,43%
Koča na Dobrči,1478 m,4%
Koča na Kriški gori,1471 m,1%
Javorca (Golte),1465 m,33%
Koča na Grohatu,1460 m,12%
Visoki vrh nad Jezerskim,1459 m,29%
Dom na Menini planini,1453 m,2%
Račka vrata,1450 m,42%
Planina Kališče,1450 m,15%
Lešanska planina,1450 m,20%
Kranjska reber,1435 m,14%
Javorov vrh,1434 m,13%
Turni (pri Kozjem vrhu),1432 m,85%
Pri Pastirjih,1430 m,28%
Goli vrh (Šavnice),1426 m,35%
Lepenatka,1425 m,8%
Čisovec,1419 m,80%
Planina Jezerca,1410 m,75%
Hotel Golte,1410 m,18%
Velika Poljana,1410 m,13%
Javornik nad Jezerskim,1399 m,34%
Dom na Okrešlju,1396 m,3%
Krničarjeva koča na planini Javornik,1390 m,20%
Praprotnikova koča,1380 m,32%
Dom na Smrekovcu,1375 m,7%
Mozirska koča na Golteh,1356 m,9%
Knezova planina (Planina Bela peč),1350 m,57%
Slap Čedca,1350 m,14%
Kunšperski vrh (Brezovec),1336 m,86%
Povšnarjeva planina,1330 m,84%
Zavetišče v Hudičevem borštu,1328 m,8%
Izletniška kmetija Bukovc (Bukovnik),1327 m,95%
Bezovec,1326 m,56%
Mala Poljana,1325 m,17%
Planina Vodol,1324 m,57%
Ovča koča,1323 m,81%
Plesnikova planina,1319 m,79%
Kašna planina,1317 m,19%
Planina Dol,1308 m,24%
Lovska koča Črnevka,1300 m,63%
Zavetišče na Biba planini,1300 m,24%
Murijeva planina,1289 m,80%
Bivak na Kalu,1285 m,32%
Potoška gora,1283 m,13%
Skubrov vrh,1276 m,57%
Dom na Kisovcu,1275 m,11%
Kamniški vrh,1259 m,4%
Planjava pri Kamniškem vrhu,1243 m,45%
Turni,1240 m,54%
Mali Rogatec (Mali Rogac),1228 m,82%
Partizanska bolnica Mrzle vode,1226 m,47%
Planina Marjanine njive,1220 m,75%
Koča na Klemenči jami,1208 m,10%
Ojstri vrh (nad Prevalo),1197 m,82%
Kopa (Belska Kopa),1180 m,44%
Planina Travnik,1180 m,44%
Počka (Robnikova) planina,1165 m,48%
Prevala,1163 m,27%
Škrbina (Slaparjeva gora),1142 m,87%
Pleče,1131 m,98%
Dom pod Storžičem,1123 m,8%
Smokuški vrh,1122 m,17%
Baba,1119 m,25%
Mihčeva kopišča,1100 m,79%
Breška planina,1100 m,44%
Planina Osredek,1100 m,22%
Mešenik,1099 m,59%
Ambrož pod Krvavcem,1085 m,75%
Tolsti vrh (Dobrovlje),1077 m,35%
Planina Ravni,1075 m,54%
Bistriška planina,1057 m,17%
Sveti Križ nad Belimi Vodami,1054 m,76%
Vaško,1046 m,38%
Kopa (Partizanski vrh),1024 m,78%
Prgozdnik,1013 m,96%
Smolnik,1002 m,51%
Orlovo gnezdo (Slap Rinka),1000 m,11%
Vrhe,965 m,55%
Planinska koča Iskra na Jakobu,961 m,11%
Sveti Jošt nad Vranskim,955 m,47%
Sveta Mati Božja na Čreti,944 m,55%
Sveti Ahac (Kališe),941 m,50%
Vovar,940 m,43%
Planinska koča pri Franciju,930 m,32%
Sveti Lenart nad Gornjim Gradom,929 m,34%
Planica (vzletišče Gozd),926 m,86%
Matkov kot,920 m,20%
Skutman,911 m,81%
Grmada (Dobrovlje),898 m,51%
Sveti Lovrenc (Bašelj),892 m,25%
Zavetišče v Gozdu,891 m,22%
Robanova planina,890 m,29%
Lomek (Lom),884 m,81%
Sveti Primož nad Ljubnim,883 m,33%
Gradišče (Pustinjak),871 m,42%
Dom na Čreti,870 m,16%
Slap Orglice,870 m,12%
Sankaška koča,867 m,20%
Mali vrh nad Završnico,863 m,79%
Sveti Janez in Pavel (Dobrovlje),862 m,57%
Dom na Lovrencu (Bašelj),860 m,17%
Bezovec (Dobrovlje),857 m,58%
Zapečnikova planina,840 m,98%
Sveti Peter nad Begunjami,839 m,22%
Dom Čemšenik,835 m,21%
Sveti Primož in Sveti Peter,826 m,7%
Korošaški slapovi,800 m,22%
Sveti Miklavž na Gori,757 m,31%
Tominčev slap,750 m,30%
Štefanja gora,748 m,12%
Dom na Dobrovljah,745 m,52%
Sveti Florjan nad Gornjim Gradom,743 m,56%
Apnišče,740 m,77%
Gora Oljka,733 m,6%
Slap Palenk,730 m,40%
Sveti Lovrenc nad Zabreznico,725 m,40%
Jamna peč,720 m,93%
Vrholanov vrh (Ravne pri Šoštanju),710 m,88%
Dom planincev Farbanca,702 m,50%
Sveti Nikolaj (Možjanca),689 m,81%
Sveti Jurij nad Tržičem,673 m,58%
Šenturška Gora,671 m,74%
Grad Gutenberk (Hudi grad),663 m,89%
Sv. Miklavž nad Mačami,651 m,50%
Novi grad (Pusti grad),630 m,78%
Grad Kamen,620 m,41%
Brezovec,617 m,79%
Dom v Kamniški Bistrici,600 m,21%
Koželj,590 m,78%
Senčnica Josipine Turnograjske,570 m,43%
Planinski dom Šentjungert,565 m,24%
Sevčnik,562 m,96%
Kriva jelka,528 m,96%
Mokrišče Blata,505 m,88%
Sebenje,500 m,90%
Bazilika Marije Pomagaj na Brezjah,486 m,83%
Sveta Ana (Tunjice),475 m,42%
V Boštkú,466 m,98%
Vinski vrh (Vimperk),448 m,93%
Grad Velenje,442 m,89%
Slap Peračica,430 m,76%
Šobčev bajer,426 m,33%
Turistična kmetija Trnovc,412 m,96%
Grad Žovnek,409 m,35%
Šoštanj,358 m,85%
Planinski dom Milana Šinkovca,345 m,77%
Stol,2236 m,0%
Vrtača,2181 m,1%
Prešernova koča na Stolu,2174 m,7%
Kepa,2143 m,2%
Ojstrc / Hochobir,2139 m,5%
Košutnikov turn,2133 m,3%
Kordeževa glava (Peca),2125 m,1%
Bistriška špica/Feistritzer Spitze,2113 m,19%
Končnikov vrh,2109 m,18%
Vajnež,2104 m,5%
Veliko Kladivo,2094 m,5%
Veliki vrh (Košuta),2088 m,1%
Velika glava,2077 m,30%
Dovška Mala Kepa,2077 m,20%
Veška kopa/Wackendorfer Spitze,2074 m,40%
Begunjščica,2060 m,0%
Tolsta Košuta - Vzhodni vrh,2057 m,17%
Malo Kladivo,2036 m,21%
Gubno,2035 m,16%
Palec,2026 m,9%
Tolsta Košuta - Zahodni vrh,2026 m,16%
Pungartska gora,2025 m,30%
Zelenjak,2024 m,13%
Ovčji vrh (Kozjak) / Geissberg (Kosiak),2024 m,14%
Kravji vrh / Kuhberg,2017 m,75%
Mali vrh,2017 m,30%
Potoški Stol,2014 m,14%
Toplar,2000 m,12%
Begunjska Vrtača,1991 m,12%
Košutica,1968 m,5%
Kofce gora,1967 m,4%
Cjajnik / Lärchenturm,1965 m,12%
Svačica,1953 m,19%
Struška,1944 m,8%
Trupejevo poldne,1931 m,5%
Govca (Olševa),1929 m,3%
Bele peči (Lepi vrh),1926 m,75%
Setiče/Freiberg,1922 m,31%
Srednja peč,1920 m,80%
Žleb (Suho ruševje),1916 m,23%
Obel kamen (Olševa),1911 m,81%
Dovška Baba,1891 m,3%
Škrbina,1869 m,27%
Murnovc,1866 m,50%
Kamnitnik,1858 m,41%
Grlovec / Ferlacher Horn,1840 m,30%
Kresišče,1839 m,20%
Golica,1835 m,1%
Kraguljše,1828 m,56%
Visoki vrh,1828 m,26%
Maloško poldne / Mallestiger Mittagskogel,1823 m,35%
Mojstrovica,1816 m,26%
Lokovnikov Grintovec / Grintoutz,1809 m,31%
Ostra peč / Mallestiger Mittagskogel,1801 m,32%
Plešivec,1801 m,14%
Srednji vrh (nad Završnico),1796 m,19%
Rjavca / Rjautza,1789 m,45%
Krvavka,1784 m,36%
Na Možeh,1784 m,32%
Hruški vrh,1776 m,15%
Pristovški Storžič / Kärntner Storschitz,1759 m,9%
Koprivnjak / Kleiner Frauenkogel,1754 m,37%
Klek,1753 m,12%
Bivak na Belščici,1750 m,27%
Zajčnik,1746 m,47%
Zajmenove peči,1745 m,85%
Kamnica (Komnica) / Ferlacher Spitze,1742 m,88%
Mala Košuta,1740 m,25%
Vošca,1737 m,11%
Mala Peca,1731 m,29%
Tamarča,1728 m,53%
Hajnžev Praprotnik / Zeller Prapotnik,1727 m,87%
Veliki Javornik (Ženiklovec),1716 m,19%
Vrh Ljubeljščice (Triangel),1704 m,10%
Hajnževo sedlo,1701 m,22%
Belska planina (Svečica),1700 m,14%
Uršlja gora (Plešivec),1699 m,1%
Planina Seča,1698 m,36%
Alpengasthof Siebenhütten,1693 m,46%
Stegovnik,1692 m,7%
Mačenski vrh / Matschacher Gupf,1691 m,84%
Mali Javornik,1685 m,35%
Spodnji Plot,1682 m,37%
Dom na Uršlji gori,1680 m,74%
Grpišca,1676 m,47%
Votlina Kralja Matjaža,1670 m,27%
Hrašenska planina,1670 m,48%
Pečovnik (kota 1668),1668 m,46%
Bela peč / Weiße Wand,1665 m,49%
Dom na Peci,1665 m,11%
Celovška koča / Klagenfurter Hutte,1664 m,17%
Potočka zijalka,1660 m,12%
Kosmatica / Kosmatitza,1659 m,91%
Kamnati vrh,1658 m,42%
Roblekov dom na Begunjščici,1657 m,1%
Virnikov Grintovec,1654 m,7%
Visoka Bavha,1650 m,77%
Planina Dovška Rožca,1650 m,19%
Topica/Topitza,1649 m,44%
Mala Golica,1646 m,45%
Pečovnik,1640 m,56%
Veliki vrh nad Komatevro,1634 m,55%
Blekova planina,1629 m,39%
Macna / Matzen,1627 m,59%
Jerebikovec,1621 m,33%
Ruš,1614 m,52%
Sveta peč / Helige Wand,1613 m,57%
Čofatijev vrh,1606 m,85%
Žingarica / Singerberg,1589 m,46%
Rožca,1587 m,20%
Bela peč,1583 m,16%
Koča na Golici,1582 m,7%
Planina Zgornja Dolga njiva,1580 m,28%
Planina Zgornja Konjščica,1578 m,51%
Ojstra / Oistra,1577 m,81%
Psinski vrh / Sinacher Gupf ,1577 m,49%
Planina Zgornja Luža,1573 m,61%
Vgrizeva planina / Ogrisalm,1569 m,51%
Veška planina / Wackendorfer Alm,1568 m,61%
Rekaršica,1554 m,53%
Planina Korošica,1554 m,4%
Kapelška koča / Eisenkappler Hütte,1553 m,42%
Stara gora / Altberg,1552 m,89%
Petelinjek (nad Korenskim sedlom),1552 m,80%
Špičasti vrh / Spitzberg,1551 m,88%
Planina Javornik,1550 m,21%
Ptičji vrh,1550 m,28%
Snežnik (nad Koprivno),1543 m,85%
Sveta Ana (Macna) / St. Anna (Matzen),1536 m,59%
Dom na Zelenici,1536 m,3%
Zavetišče na planini Šija,1528 m,15%
Koča Berta / Bertahütte,1527 m,91%
Šoparjev vrh,1524 m,90%
Mejnik,1517 m,57%
Požgani rob,1513 m,58%
Planica,1508 m,32%
Peč (Tromeja),1508 m,5%
Bukovec,1506 m,35%
Polna peč,1503 m,34%
Žerjavov Praprotnik / Loibler Prapotnik,1500 m,87%
"Lipševa vrata (Vrata, Felsentore)",1500 m,57%
Kopa / Monte Coppa,1496 m,41%
Jureževa planina,1488 m,48%
Dom na Kofcah,1488 m,0%
Borovje,1476 m,22%
Veliki Rob / Großer Rain,1464 m,98%
Planina Ilovica,1462 m,55%
Planina Spodnja Konjščica,1451 m,28%
Spominska plošča Jožeta Rozmana,1450 m,58%
Borovski vrh (Žehtar) / Sechter,1449 m,97%
Koča Pr Zdravc,1448 m,41%
Planina Pungrat,1447 m,33%
Kališje,1435 m,84%
Tegoška planina,1430 m,39%
Lovska koča na Brvogih,1425 m,49%
Koča pri izviru Završnice,1425 m,8%
Dreiländereck Hütte,1423 m,29%
Plešivška kopa (Kozarnica),1414 m,63%
Potočnikova planina,1410 m,83%
Planina Rožca / Roschitzaalm,1407 m,85%
Planina Stamare,1400 m,31%
Planina Spodnja Dolga njiva,1400 m,17%
Robič,1384 m,98%
Jeseniška planina,1380 m,42%
Hruška planina,1378 m,36%
Koča na Ljubelju,1370 m,9%
Planina Možine,1352 m,56%
Veronjak / Hausberg,1348 m,99%
Hofovška planina / Hoffmansalpe,1335 m,97%
Sveti Lenart / St. Leonhard,1334 m,96%
Španov vrh,1334 m,20%
Planina Rep (Repija),1330 m,92%
Lovska koča nad Doslovško planino,1325 m,85%
Bivak brez meja / Bivacco Senza Confini,1319 m,78%
Na pečeh pri Črnem Vrhu,1318 m,86%
Koča na planini Preval-a,1311 m,4%
Govševa planina,1300 m,88%
Pusti Rovt,1296 m,35%
Koča Vrtača,1288 m,22%
Roblekova planina,1284 m,33%
Koča pod Košuto / Koschutahaus,1280 m,49%
Lovska koča Stanič,1280 m,39%
Golarjeva peč,1276 m,55%
Marija Snežna (Kavalar) / Madonna della Neve,1275 m,39%
Močnikova planina,1275 m,58%
Basališče (Paški Kozjak),1272 m,16%
Obirska planina,1272 m,47%
Planina Kladje / Quadiaalm,1271 m,89%
Potoška planina,1270 m,19%
Vetrh vrh,1268 m,63%
Planina Luža,1250 m,60%
Markljev Rovt,1250 m,43%
Velika Boncla,1241 m,82%
Sveti Duh pod Olševo,1232 m,40%
Izvir reke Meže,1230 m,90%
Božičev vrh / Boschitzberg,1228 m,47%
Štrukljev vrh,1227 m,87%
Tolsti vrh (pri Poljški planini),1225 m,90%
Zabreška planina,1225 m,29%
Planinski dom na kmetiji Kumer,1220 m,83%
Sveta Ana v Koprivni,1218 m,86%
Doslovška planina,1210 m,82%
Rovt Vrse,1200 m,37%
Žirovniška planina,1200 m,27%
Jesenik,1199 m,91%
Hom (nad Prevaljami),1193 m,89%
Brdo (Plezališče pod Golico),1192 m,83%
Ostrica,1182 m,84%
Valvasorjev dom pod Stolom,1181 m,4%
Tomčeva koča na Poljški planini,1180 m,18%
Veliki vrh (nad Mežiško dolino),1165 m,88%
Smučarski dom Črni vrh,1156 m,49%
Šumahov vrh,1155 m,89%
Pikov vrh,1149 m,87%
Alničje,1145 m,55%
Dom na Tromeji,1145 m,13%
Hribarska (Huda) zijalka,1140 m,58%
Planina Planinca,1136 m,26%
Mala Boncla (Bavha),1131 m,52%
Žmitkov špic,1124 m,39%
Železna (Kisla) voda,1115 m,43%
Zavetišče na Kalu,1112 m,48%
Špik (Paški Kozjak),1108 m,23%
Erjavčev rovt (Planina Mlinca),1105 m,77%
Partizanska bolnica Krtina,1100 m,48%
Jelenkamen,1096 m,23%
Stenica,1091 m,35%
Arihova peč / Arichwand,1090 m,93%
Planina Dolžanka,1090 m,49%
Andrejev dom na Slemenu,1086 m,14%
Koča nad Arihovo pečjo /  Rossalmhütte,1080 m,94%
Pogorevc,1076 m,84%
Sveti Vid pod Jernejevim vrhom,1075 m,59%
Smolnik,1075 m,23%
Koča na Naravskih ledinah,1072 m,37%
Sveti Jošt na Paškem Kozjaku,1063 m,87%
Sveti Jakob v Koprivni,1062 m,97%
Ajdna,1046 m,9%
Bivak Suška bajta,1034 m,87%
Planina Zali potok,1032 m,93%
Sveta Ana (Ljubelj),1032 m,78%
Mirca,1025 m,79%
Veliki Mošenik / Große Muschenig,1021 m,64%
Stolpnik,1012 m,13%
Jezero pri Čežov,1010 m,99%
Plakopec (Brezejec),1005 m,90%
Izvir Javornika,1000 m,48%
Špicasti  vrh (Kislica),994 m,25%
Visoko,991 m,90%
Sv. Mihael (Rute (Zavrh)) / St. Michael (Bärental),982 m,97%
Boč,978 m,2%
Dom Pristava v Javorniškem Rovtu,975 m,19%
Ramšakov vrh,970 m,36%
Veliki vrh nad Završnikom,968 m,54%
Dom na Paškem Kozjaku,960 m,22%
Srnjak,955 m,41%
Radojč,937 m,34%
Podgorska planina / Maria Elender Alm,930 m,65%
Smodivnik,923 m,94%
Slapovi v Preski,910 m,82%
Andrejev vrh,897 m,86%
Volinjak,886 m,82%
Donačka gora,884 m,3%
Fričev vrh,881 m,53%
Rokov vrh / Rochusberg,880 m,93%
Kamnek,873 m,34%
Stegovniški slap,872 m,60%
Gank,850 m,88%
Malnež,846 m,60%
Gora sv. Eme (Junska gora) / Hemmaberg,842 m,95%
Turška jama v Gozdašnici,835 m,51%
Lovska koča Štepih,825 m,42%
Plešivec,822 m,41%
Časov vrh,821 m,64%
Sveti Rupert (Završe),815 m,61%
Sveti Vid (Završe),808 m,61%
Vinska gora,806 m,48%
Poštarski dom pod Plešivcem,805 m,24%
Slapovi Dobršnik,800 m,45%
Temnjak,798 m,60%
Črepič,798 m,53%
Štalekarjev vrh,792 m,92%
Kalvarija nad Jesenicami,784 m,52%
Skalni vrh (Vodemla),780 m,91%
Kozjek,766 m,64%
Slap pod Kurico,760 m,80%
Slap pod Gozdašnico,760 m,78%
Kušpergarjev turn (Kušpergarjevi turni),750 m,88%
Kapelica sv. Barbare na Pejcah,750 m,61%
Soteska Čepa/Tscheppaschlucht,750 m,30%
Skala,750 m,32%
Gradišče nad Sotesko (Soteska),724 m,81%
RIS Dolina (Dovžanova soteska),720 m,80%
Strana,711 m,91%
Čopov rovt,710 m,85%
Slapišče pod Kalvarijo,700 m,86%
Dom na Boču,698 m,17%
Grad Lindek,695 m,43%
Javorniški slapovi,690 m,77%
Dom v Dragi,689 m,36%
Leški cerkvi,674 m,87%
Sveta Marjeta na Boču,655 m,54%
Podkanjski slap / Wildensteiner Wasserfall,640 m,86%
Izvir Sotle,640 m,36%
Jezero Završnica,630 m,89%
Partizanska bolnica na Formili/Boču,630 m,45%
Formila na Boču,624 m,50%
Rudijev dom na Donački gori,590 m,33%
Sveti Rok (Sele),582 m,94%
Gonžarjeva peč,575 m,23%
Lindeški slap,555 m,58%
Planinska koča Velikonočnica,550 m,77%
Mornova zijalka,550 m,42%
Krajnikov grad,549 m,64%
Grilova kapela na Boču,534 m,53%
Sveti Pankracij (Grajski grič),530 m,97%
Grad Konjice,515 m,47%
Sveti Donat,511 m,52%
Sveti Mihael na Pečici,500 m,62%
Sveti Miklavž (Sele),435 m,98%
Sveta Barbara v Zagradu,435 m,97%
Zbelovski grad,400 m,63%
Studeniški grad,315 m,56%
Črni vrh,1543 m,5%
Velika Kopa,1542 m,13%
Jezerski vrh,1537 m,20%
Mali Črni vrh,1533 m,33%
Košenjak,1522 m,7%
Lovrenška jezera,1520 m,2%
Rogla,1517 m,9%
Ribniška koča,1507 m,6%
Ostruščica,1498 m,77%
Ribniško jezero,1490 m,21%
Izvir reke Pake,1412 m,76%
Bivak Piramida,1395 m,86%
Koča na Pesku,1386 m,9%
Kozji vrh (pri Košenjaku),1383 m,89%
Grmovškov dom,1371 m,12%
Žigartov vrh,1346 m,26%
Klopni vrh,1340 m,18%
Sveti Urban (nad Kozjim Vrhom),1329 m,37%
Tiho jezero (Falski ribnik),1266 m,27%
Koča na Klopnem vrhu,1260 m,20%
Ruška koča na Arehu,1246 m,7%
Lukov slap,1240 m,76%
Jezerc,1222 m,46%
Črno jezero na Pohorju,1196 m,10%
Dom na Osankarici,1193 m,15%
Sveti Trije kralji,1181 m,13%
Dom na Košenjaku,1169 m,34%
Kremžarjev vrh,1164 m,13%
Razglednik,1147 m,29%
Koča pod Kremžarjevim vrhom,1102 m,15%
Koča na Pesniku,1101 m,27%
Andrejev dom - Pajk,1100 m,82%
Koča na Šumiku,1100 m,24%
Mariborska koča,1086 m,7%
Šteknetov vrh,1061 m,95%
Sv. Simon in Juda Tadej (Pernice),1059 m,93%
Pokeržnikov vrh,1055 m,92%
Kapunar,1051 m,34%
Sveti Jernej nad Muto,1038 m,89%
Šteharski vrh (Šteharnikov vrh),1018 m,81%
Bricnik,1017 m,87%
Sveti Urh (Strojna),998 m,94%
Sveti Janez Krstnik na Ojstrici ,982 m,52%
Slap Veliki Šumik,950 m,20%
Framski slap,925 m,33%
Sveti Urban (Radelca),920 m,93%
Janževski vrh,915 m,93%
Žavcarjev vrh,915 m,13%
Hlebov vrh (Rdeči Breg),913 m,78%
Sveti Duh na Ostrem Vrhu,904 m,30%
Sveti Pankracij (Radelca),900 m,92%
Slap Mali Šumik,890 m,49%
Lovski dom LD Gradišče,880 m,97%
Koča na Žavcarjevem vrhu,863 m,31%
Sveti Danijel (nad Trbonjami),845 m,97%
Golarjev vrh,843 m,97%
Sveta Barbara nad Slovenj Gradcem,829 m,49%
Sveti Trije Kralji (nad Radljami ob Dravi),820 m,92%
Sveti Primož nad Muto,806 m,91%
Zavetišče Onuk - Glavar,790 m,95%
Anski vrh (nad Pamečami),756 m,95%
Ančnikovo gradišče,750 m,49%
Trije križi na Konjiški gori,727 m,77%
Brinjeva gora (nad Prevaljami),723 m,79%
Pečke,720 m,31%
Sveta Magdalena (Brda),718 m,64%
Ribnica na Pohorju,715 m,95%
Lobnikov vrh,705 m,62%
Tojzlov vrh,703 m,27%
Planinski dom Kozjak,690 m,38%
Žusem,669 m,22%
Jelovice,623 m,84%
Lovska koča Radlje ob Dravi,622 m,95%
Brinjeva gora (nad Zrečami),616 m,97%
Petnikov vrh,603 m,49%
Sv. Urban nad Mariborom,595 m,38%
Stari grad nad Radljami ob Dravi (Mahrenberg),576 m,96%
Sv. Križ (Gaj nad Mariborom),575 m,40%
Babček,575 m,55%
Ljubična gora,533 m,98%
Sveti Križ pri Dravogradu,528 m,91%
Skala (nad Dravogradom),525 m,95%
Gradišče (nad Slovenj Gradcem),516 m,92%
Plački vrh,510 m,45%
Župank,508 m,93%
Sveti Avguštin,504 m,55%
Sedelnikov slap,500 m,88%
Sv. Uršula nad Dramljami,464 m,52%
Sv. Ana nad Makolami,460 m,87%
Samotni bor,426 m,59%
Sotinski breg (Kugla),418 m,31%
Janški vrh,417 m,95%
Serdiški breg (Rdeči breg),416 m,52%
Tromejnik,390 m,42%
Cerkev Device Marije na Kamnu,381 m,98%
Grad Grad na Goričkem,370 m,54%
Zavrh v Slovenskih goricah,370 m,27%
Sveti Benedikt (Kančevci),358 m,64%
Gomila,352 m,90%
Gorca,347 m,57%
Jeruzalem,338 m,33%
Razborški ribniki,330 m,55%
Piramida (Lendavske gorice),327 m,85%
Sv. Marija Magdalena (Dramlje),327 m,59%
Selo v Prekmurju,313 m,29%
Sv.  Ilija (Spodnje Dramlje),304 m,60%
Razgledni stolp Vinarium Lendava,302 m,85%
Izvir Toplega (Studeniškega) potoka,295 m,79%
Sveta Lucija nad Studenicami,290 m,58%
Partizanska bolnica Zima,290 m,45%
Grad Negova,289 m,92%
Sveta Trojica v Lendavskih goricah,266 m,93%
Turistična kmetija Amur,260 m,95%
Vršič nad Bogojino,246 m,62%
Lendavski grad (Dolnjelendavski grad),205 m,91%
Bukovniško jezero,189 m,44%
Babičev mlin na Muri,182 m,87%
Brod na Muri (Melinci),175 m,52%
Tošč,1021 m,3%
Pasja ravan,1020 m,6%
Goli vrh,962 m,34%
Sivka,934 m,19%
Mlaka,914 m,44%
Javorč,901 m,33%
Polhograjska Grmada,898 m,2%
Gontarska planina,894 m,23%
Lavrovec,890 m,38%
Sveti Lenart,861 m,26%
Sveti Ožbolt (nad Zmincem),859 m,23%
Osolnik,858 m,5%
Mala Grmada,853 m,37%
Bukov vrh,832 m,24%
Polhograjska Gora (Sveti Lovrenc),824 m,9%
Veliki hrib,815 m,50%
Goljek,809 m,40%
Sveti Jakob,806 m,4%
Marinčeva planina (Hrib),805 m,48%
Sveti Andrej (Planina nad Horjulom),798 m,32%
Rog,798 m,30%
Kožljek,788 m,27%
Brunarica Osovnik,777 m,18%
Jeterbenk,774 m,13%
Sveta Jedert,750 m,36%
Sveta Katarina (Topol),738 m,5%
Dom na Govejku,734 m,9%
Koreno,729 m,16%
Jermanca (Jermancov grič),728 m,85%
Hom,715 m,15%
Mali vrh,708 m,33%
Kucelj nad Polhovim Gradcem,705 m,78%
Sveta Uršula (Setnica),700 m,39%
Kregovnik,692 m,55%
Sveta Ana (Butajnova),686 m,41%
Sveti Florijan (Tehovec),685 m,43%
Grmada,676 m,6%
Dominov dom,670 m,40%
Šmarna gora,669 m,2%
Kugelč (Šentjošt nad Horjulom),666 m,44%
Sveti Mihael na Samotorici,665 m,54%
Domačija Pr Lenart (Belo),650 m,49%
Rašica (Vrh Staneta Kosca),641 m,4%
Ključ,623 m,30%
Sveti Andrej (nad Zmincem),617 m,99%
Vrhe nad Dobrovo,603 m,54%
Visoki hrib,602 m,52%
Toško Čelo,590 m,6%
Sveti Urban (nad Gorenjo Dobravo),570 m,96%
Veliki vrh (Rašica),568 m,37%
Sveti Martin nad Brišami,567 m,56%
Sveti Jurij (Praproče),552 m,87%
Partizanski dom na Ključu,550 m,34%
Gradišče nad Žažarjem,547 m,86%
Vrh (Debeli hrib),540 m,41%
Gradišče (nad Dobrovo),530 m,87%
Planinski dom na Ravneku,522 m,44%
Smledniški hrib (Stari grad),517 m,16%
Sveta Marjeta pod Jeterbenkom,482 m,38%
Bezenica,476 m,61%
Strmca,472 m,55%
Koseški hrib,467 m,80%
Kalvarija,460 m,29%
Gradišče (Zapoški hrib),451 m,79%
Debeli vrh (nad Topolami),446 m,84%
Klobuk pri Ljubljani,441 m,74%
Stražni vrh,439 m,78%
Lovska koča na Klobuku,433 m,75%
Mengeška koča na Gobavici,433 m,21%
Šišenski hrib (Rožnik),429 m,18%
Sveti Urh,420 m,29%
Sveti Tilen nad Repnjami,419 m,78%
Sveti Jurij (Hruševo),414 m,82%
Slavkov dom na Golem brdu,396 m,21%
Straža,395 m,54%
Cankarjev vrh (Rožnik),394 m,10%
Sveti križ na Hribcu,380 m,58%
Blagajev grad (Polhograjska graščina),377 m,86%
Ljubljanski grad,376 m,14%
Mlinčki,340 m,79%
Mostec,316 m,78%
Koseški bajer,307 m,24%
Altemaver (Ratitovec),1678 m,3%
Gladki vrh (Ratitovec),1667 m,11%
Kremant (Ratitovec),1654 m,37%
Kosmati vrh (Ratitovec),1643 m,29%
Krekova koča na Ratitovcu,1642 m,1%
Porezen,1630 m,2%
Dom na Poreznu,1590 m,9%
Blegoš,1562 m,1%
Žbajnek,1538 m,38%
Kačji rob,1520 m,31%
Hoč,1514 m,77%
Planina Klom,1500 m,37%
Črni vrh (nad Soriško planino),1486 m,83%
Planina Pečana,1472 m,29%
Medrce,1410 m,47%
Koprivnik,1393 m,19%
Koča na Blegošu,1391 m,10%
Mladi vrh,1374 m,31%
Kopa (Cimprovka),1360 m,46%
Lipniška planina,1330 m,77%
Tonderškofel,1326 m,78%
Erbelc,1308 m,79%
Otavnik,1306 m,81%
Kojca,1303 m,18%
Črni vrh nad Novaki,1291 m,30%
Planina Otavnik,1268 m,82%
Koča na Črnem vrhu nad Novaki,1245 m,32%
Gozdarske koče Martinček,1240 m,79%
Stari vrh,1217 m,16%
Zavetišče gorske straže na Jelencih,1185 m,28%
Planina Kališnik,1180 m,85%
Hudournik,1148 m,41%
Počitniški dom Goričane,1145 m,52%
Dražgoška gora,1140 m,80%
Selska planina,1140 m,52%
Bela peč (Podbliška gora),1133 m,80%
Babji zob,1128 m,9%
Planina Tamar,1124 m,23%
Ribčeva planina,1115 m,55%
Partizanski dom na Vodiški planini,1108 m,8%
Jelenk,1107 m,22%
Oblakova planina,1100 m,54%
Lovska koča LD Otavnik,1090 m,86%
Danejeva planina,1090 m,36%
Gozdarska koča Rovtarica,1089 m,35%
Vrhovec,1079 m,42%
Vojsko,1077 m,23%
Malenski vrh,1051 m,87%
Bevkov vrh,1051 m,11%
Gozdarska koča na Babi,1050 m,80%
Lovska koča na Toli,1040 m,53%
Žagarjev hlev v Grobljah,1035 m,60%
Koča na Starem vrhu,1032 m,20%
Ermanovec,1026 m,11%
Lubnik,1025 m,2%
Planina Prihod,1017 m,83%
Bičkova skala,1012 m,80%
Prtovč,1011 m,35%
Sivka,1008 m,13%
Štor,1005 m,57%
Razpok,1002 m,95%
Davški slapovi,1000 m,78%
Gradišče (nad Spodnjo Idrijo),998 m,53%
Loncmanova Sivka (Mrzli Vrh),987 m,43%
Cerkev Marijinega vnebovzetja (Gora),987 m,47%
Škofje,973 m,52%
Planinska koča Mrzl'k,971 m,79%
Koča na Ermanovcu,968 m,18%
Ažmanov rovt,960 m,94%
Miklavška gora,955 m,44%
Suharna,952 m,98%
Sveti Mohor (Zabrekve),952 m,19%
Planinski dom Goška ravan,933 m,31%
Sveti Brikcij (Četena Ravan),920 m,96%
Hleviška planina,908 m,16%
Bitenjska planina,901 m,58%
Planina Vršana,900 m,83%
Sleme (Površnica),883 m,89%
Tolsti vrh (Talež),883 m,23%
Veliki vrh (Lajše),881 m,59%
Sveti Marko (Spodnje Danje),878 m,84%
Sveti Križ nad Selcami,860 m,89%
Sveta Jedert (Lajše),850 m,89%
Sveti Jošt nad Kranjem,845 m,2%
Špičasti hrib,837 m,38%
Sveti Primož in Felicijan (Jamnik),831 m,24%
Sveti Primož in Felicijan na Gabrški gori,830 m,82%
Gradišče pod Babjim zobom,824 m,89%
Sveti nadangel Gabrijel (Planica),824 m,23%
Koča na Hleviški planini,818 m,20%
Cerkovni vrh,804 m,57%
Leskovica,800 m,57%
Dom na Slajki,789 m,26%
Zagrebenc,763 m,61%
Sveti Tomaž (Vrsnik nad Žirmi),744 m,79%
Vrh soteske (Križna gora),735 m,92%
Lovska koča na Taležu,725 m,21%
Rovnik,707 m,58%
Hujska,706 m,84%
Rodne,698 m,58%
Sveti Križ (Križna Gora),680 m,12%
Sveti Tomaž nad Praprotnim,666 m,39%
Sveti Duh (Labinje),665 m,97%
Jagršče,663 m,59%
Izvir Volaščice,650 m,58%
Šmarjetna gora,646 m,9%
Sveti Štefan (Kupljenik),642 m,83%
Šebrelje,639 m,46%
Bolnica Franja,601 m,14%
Lipniški grad (Pusti grad nad Lipnico),590 m,83%
Sveti Lovrenc na Lovrenški gori,580 m,48%
Sveti Jošt v Trebenčah,573 m,59%
Sveti Ivan nad Divjimi babami,573 m,61%
Cerkev Loretske Matere Božje v Suši,560 m,60%
Kapelica Na Koren,550 m,80%
Ojstra peč,516 m,84%
Slap Grmečica,510 m,30%
Zjavka,505 m,88%
Grad Divja Loka (Stari grad),502 m,46%
Krancelj,453 m,51%
Divje babe,450 m,40%
Kamnitnik (nad Škofjo Loko),426 m,87%
Slap Šum,425 m,38%
Srednji Kamnitnik,421 m,99%
Mali Kamnitnik ,416 m,99%
Medvedja luknja,390 m,99%
Slap v Sopotih (Pršjak),360 m,48%
Kum,1220 m,2%
Črni vrh (Čemšeniška planina),1204 m,6%
Trdinov vrh,1178 m,4%
Javor,1132 m,23%
Mrzlica,1122 m,2%
Koča na Čemšeniški planini,1120 m,5%
Veliki Rog,1099 m,30%
Gozdnik,1090 m,15%
Ledenik,1072 m,76%
Sveta Marija (Ključevica),1067 m,77%
Mirna gora,1047 m,7%
Slovenski vrh,1041 m,76%
Mestni vrh,1034 m,26%
Veliki Javornik (Bohor),1023 m,11%
Sveta planina (Partizanski vrh),1011 m,16%
Požgani hrib,1009 m,43%
Dom na Mirni gori,1000 m,16%
Livoldski vrh,994 m,52%
Veliko Kozje,993 m,16%
Kal,985 m,15%
Koprivnik (Bohor),984 m,39%
Grad Fridrihštajn,970 m,24%
Stene svete Ane,964 m,32%
Dom pri Miklavžu,964 m,17%
Nebeška gora,958 m,21%
Špilk,956 m,30%
Gače,955 m,27%
Skalica (Bohor),951 m,43%
Lisca,948 m,3%
Planinski rudarski dom na Kalu,946 m,28%
Malič,936 m,24%
Roviškovec,930 m,47%
Reška planina,925 m,31%
Debeli vrh (Bohor),921 m,54%
Koča pri Sveti Ani na Mali gori,910 m,18%
Kopitnik,910 m,8%
Krvavica,909 m,15%
Koča na Bohorju,896 m,18%
Grmada (Bohor),890 m,96%
Klobuk,890 m,28%
Sveti Peter,888 m,21%
Planinski dom Vrhe,887 m,37%
Grmada na Mali gori,887 m,30%
Slivna (Pivkelj),880 m,35%
Reber,878 m,46%
Pleše,866 m,48%
Koča na Kopitniku,865 m,26%
Kamnik,861 m,25%
Oslica (Bohor),860 m,54%
Ostrež,856 m,30%
Ostri vrh,855 m,34%
Zasavska Sveta gora,852 m,6%
Koča pri Jelenovem studencu,850 m,25%
Lipovec,848 m,51%
Sv. Primož in Felicijan (Razbor pri Čemšeniku),841 m,93%
Ledena jama na Stojni,840 m,40%
Cicelj,836 m,22%
Tolsti vrh nad Celjsko kočo,834 m,18%
Golava,834 m,24%
Dom na Zgornji Slivni,826 m,39%
Planinski dom na Zasavski Sveti gori,822 m,36%
Planinski dom pri Gospodični,822 m,16%
Sedlata gorica (Pogorelec),817 m,44%
Govško brdo,811 m,36%
Brest (Bohor),808 m,57%
Veliki vrh nad Svetino,807 m,41%
Janče,792 m,7%
Pašnik Lipovec,790 m,54%
Baba,789 m,44%
Dom na Šmohorju,784 m,12%
Kamen vrh,783 m,33%
Vrunčev dom na Svetini,780 m,37%
Tolsto,780 m,58%
Obolno,776 m,31%
Limbarska gora,773 m,7%
Almin dom na Svetini,772 m,15%
Kotečnik,772 m,30%
Dom v Gorah,762 m,26%
Vrtače,758 m,95%
Kucelj,748 m,25%
Sveti Ahac,748 m,28%
Sveti Ilija (Planina),747 m,48%
Murovica,743 m,29%
Zajčeva koča,742 m,29%
Sveti Miklavž nad Savo,741 m,19%
Žamboh,738 m,92%
Tolsta gora,734 m,82%
Ciganov vrh (Korinjski hrib),731 m,52%
Kmečki turizem Obolno,722 m,80%
Sveti Lovrenc nad  vasjo Okroglice,722 m,44%
Grmada nad Celjem,718 m,13%
Pokojni vrh (Bohor),711 m,61%
Gradišče,706 m,37%
Plezališče in ferata Renke,700 m,85%
Srebotnik,700 m,25%
Sveti Florjan (Zgornja Gora),698 m,93%
Gorišca,698 m,95%
Tabor,697 m,84%
Pristava nad Stično,694 m,38%
Golčaj,690 m,38%
Limberk,687 m,51%
Veliki Špiček,686 m,35%
Resevna,682 m,10%
Vrh (Šticna),679 m,56%
Stari grad (grad Čušperk),668 m,46%
Dom pod Reško planino,664 m,32%
Visoka špica ,660 m,38%
Sveta Marjeta (Prežganje),658 m,78%
Dom Ušte - Žerenk,658 m,27%
Celjska koča,652 m,5%
Raskože (Bohor),650 m,63%
Vrhija,648 m,61%
GEOSS,645 m,23%
Zabreznik (Sv. Miklavž),644 m,62%
Sveti Lambert,643 m,59%
Sveti Duh (Polževo),630 m,81%
Žagarski vrh,627 m,76%
Kalanov hrib (Kalanček),626 m,51%
Pečovniška koča na Grmadi,620 m,29%
Pugled,615 m,33%
Bajturn (Zaplaški hrib),609 m,83%
Lomnik,609 m,65%
Veliki Slomnik,609 m,43%
Dragov dom na Homu,607 m,28%
Hotel Polževo,592 m,76%
Semenič,590 m,63%
Dom na Bukovici,584 m,30%
Hum nad Laškim ,583 m,74%
Trebni vrh,581 m,47%
Stari grad Kamnik,577 m,37%
Mehovski hrib,571 m,23%
Hom nad Celjem,570 m,35%
Rifnik,568 m,25%
Resje nad Štorami,567 m,44%
Lisec (Liška gora),565 m,54%
Lovski dom na Vrhtrebnjem,562 m,47%
Pri knapu pod Babo,552 m,53%
Smuk,545 m,51%
Zaplaz,543 m,82%
Vipota,532 m,51%
Debenji vrh,530 m,17%
Sveta Trojica (nad Dobom),527 m,85%
Svete gore,527 m,40%
Sv. Peter (Olešče),525 m,53%
Ostri vrh (nad Globodolom),523 m,87%
Strešni vrh (Svibno),523 m,55%
Grad Turjak,522 m,43%
Sv. Križ (Retje),520 m,56%
Turn (Sv. Janez Krstnik),513 m,43%
Sveti Mohor na Mohorjevem hribu,511 m,81%
Lavričeva koča na Gradišču,510 m,16%
Grad Višnja Gora (Stari grad),506 m,82%
Magdalenska gora,504 m,31%
Kapelica pri Mariji pod Srebotnikom,500 m,87%
Ajdovščina nad Ihanom,495 m,95%
Tabor Cerovo,493 m,83%
Špicberg,490 m,50%
Gradiški grič,485 m,88%
Oklo nad Ihanom,465 m,88%
Sveti Primož in Felicijan nad Semičem,465 m,63%
Orle,458 m,74%
Planinski dom na Brnici,457 m,31%
Mazovnik (Golovec),450 m,24%
Sitarjevec,448 m,51%
Sveti Peter (Selo pri Mirni),445 m,82%
Stari grad (Stari Osterberg),443 m,48%
Dom LD Dobrnič,440 m,87%
Črni hrib (Golovec),440 m,42%
Gašperjeva koča pod Velikim Kozjem,436 m,41%
Sveta Marija (Trška Gora),428 m,77%
Sveti Križ (Liška gora),428 m,62%
Veliki vrh (Križentaver),419 m,84%
Grad Rožek (Rudolfseck),412 m,93%
Tinska gora,409 m,55%
Stari grad na Grajskem hribu,407 m,40%
Oljska gora,401 m,83%
Sv. Miklavž na Goropečah,401 m,91%
Stari grad (Volčji Potok),398 m,88%
Miklavžev hrib (Miklavški hrib),394 m,55%
Hribce,388 m,84%
Sv. Kunigunda na Taboru nad Ihanom,377 m,89%
Miklavžev hrib (Razgledni stolp),376 m,86%
Sv. Andrej nad Olimjem,351 m,81%
Dom Frata,345 m,76%
Gradiško jezero,340 m,78%
Sveti Primož (Kremen),340 m,80%
Lahomniški sopot,325 m,53%
Sv. Urban (Cmereška Gorca),322 m,59%
Sv. Lovrenc (Kompole),315 m,46%
Pusti Peter,311 m,47%
Herkulovo svetišče na Bregu,290 m,86%
Izvir Krke,272 m,77%
Stari grad nad Otočcem,250 m,81%
